{"train_loss": [4.419052844363931, 3.600706707527287, 3.583886742026885, 3.2848937559466793, 2.0387983094741946, 1.230391275614359, 0.8521812921169245, 0.6471667901846753, 0.521321613129705, 0.42852548245005134, 0.3639049272966611, 0.31952849171958614, 0.27798248678710646, 0.24975555259469562, 0.23000991090434775, 0.20335747442821756, 0.18067859351564358, 0.17280046998686488, 0.15930747884983346, 0.14299882354404583, 0.1353431151091823, 0.12481596748128322, 0.11756047176559108, 0.11032270094362127, 0.10010918498070143, 0.09655365385711016, 0.09232244458186366, 0.08522606191393076, 0.08184870114324888, 0.07735110082281797, 0.07616069452932007, 0.0700055918511736, 0.06952989371703117, 0.06461411544179183, 0.06163117365571737, 0.059348735618747116, 0.05519004872507941, 0.055785598443827696, 0.0525025895078293, 0.05104584812591629, 0.04661042845595001, 0.04525887122475961, 0.04486416388436561, 0.04334423774676795, 0.04288728866448639, 0.040452142492967316, 0.04069727605859246, 0.03628668994811072, 0.03445996385317636, 0.027608234625253428], "valid_loss": [3.6171396953799713, 3.6106638445108423, 3.553527488527705, 2.5744333086420577, 1.3374349932535, 0.8118138898040446, 0.5935854014909663, 0.44107255692730585, 0.4043294135216288, 0.3007545282984797, 0.25752761903532306, 0.22627877365462307, 0.2086941491000319, 0.18869093435670808, 0.16270887868046338, 0.143528419012707, 0.13307841658433325, 0.1317356472031624, 0.12321993972558828, 0.10970778706576234, 0.10954185291215494, 0.10987739042506964, 0.09871958192190712, 0.09743931405665573, 0.09887343309863837, 0.09294712126157931, 0.08455872727818434, 0.0893886100503029, 0.08918472589876379, 0.09679706787615484, 0.08642159782734068, 0.08813744111006452, 0.07510862365459926, 0.0861194326969358, 0.07543919123742306, 0.08432323079869611, 0.07347876213102544, 0.07295927921060684, 0.0776171582040346, 0.07909619076049476, 0.07181424207012146, 0.07297299020224078, 0.07983006064733711, 0.08712881797857326, 0.07214857625799316, 0.07792009204108559, 0.08069926625646218, 0.07120243839944947, 0.07414588062269216, 0.0693884879823496], "accuracy": [0.0, 0.0, 0.0, 0.0017772511848341231, 0.12618483412322276, 0.3027251184834123, 0.42713270142180093, 0.5669431279620853, 0.5675355450236966, 0.6569905213270142, 0.6901658767772512, 0.7079383886255924, 0.7233412322274881, 0.7541469194312796, 0.7772511848341233, 0.7902843601895735, 0.8145734597156398, 0.8122037914691943, 0.8210900473933649, 0.8370853080568721, 0.8287914691943128, 0.8430094786729858, 0.8548578199052133, 0.8542654028436019, 0.8483412322274881, 0.8595971563981043, 0.8684834123222749, 0.8690758293838863, 0.8649289099526066, 0.8542654028436019, 0.8643364928909952, 0.8678909952606635, 0.8803317535545023, 0.870260663507109, 0.8915876777251185, 0.8726303317535545, 0.8838862559241706, 0.8862559241706162, 0.8791469194312796, 0.8773696682464455, 0.8874407582938388, 0.8850710900473934, 0.8732227488151659, 0.8773696682464455, 0.8832938388625592, 0.8838862559241706, 0.8773696682464455, 0.8898104265402843, 0.8898104265402843, 0.8909952606635071]}